{
  "gsw_run_points": -0.10299458288836123,
  "gsw_run_intensity": -0.157237896177009,
  "margin_swing": 0.002532178907983913,
  "gsw_back_to_back_3s_3min": 0.08576715599038033,
  "intercept": 0.33893282043052153
}